{
    "accuracy": 0.9222222222222223,
    "classification_report": {
        "0": {
            "precision": 0.9120879120879121,
            "recall": 0.9325842696629213,
            "f1-score": 0.9222222222222223,
            "support": 178.0
        },
        "1": {
            "precision": 0.9325842696629213,
            "recall": 0.9120879120879121,
            "f1-score": 0.9222222222222223,
            "support": 182.0
        },
        "accuracy": 0.9222222222222223,
        "macro avg": {
            "precision": 0.9223360908754167,
            "recall": 0.9223360908754167,
            "f1-score": 0.9222222222222223,
            "support": 360.0
        },
        "weighted avg": {
            "precision": 0.9224499595286113,
            "recall": 0.9222222222222223,
            "f1-score": 0.9222222222222223,
            "support": 360.0
        }
    },
    "confusion_matrix": [
        [
            166,
            12
        ],
        [
            16,
            166
        ]
    ]
}