{
    "accuracy": 0.8354755784061697,
    "classification_report": {
        "0": {
            "precision": 0.7668161434977578,
            "recall": 0.8465346534653465,
            "f1-score": 0.8047058823529412,
            "support": 202.0
        },
        "1": {
            "precision": 0.8704663212435233,
            "recall": 0.8442211055276382,
            "f1-score": 0.8571428571428571,
            "support": 199.0
        },
        "2": {
            "precision": 0.8904109589041096,
            "recall": 0.7386363636363636,
            "f1-score": 0.8074534161490683,
            "support": 176.0
        },
        "3": {
            "precision": 0.8379629629629629,
            "recall": 0.900497512437811,
            "f1-score": 0.86810551558753,
            "support": 201.0
        },
        "accuracy": 0.8354755784061697,
        "macro avg": {
            "precision": 0.8414140966520884,
            "recall": 0.8324724087667899,
            "f1-score": 0.8343519178080991,
            "support": 778.0
        },
        "weighted avg": {
            "precision": 0.8396690787103946,
            "recall": 0.8354755784061697,
            "f1-score": 0.8351195715707612,
            "support": 778.0
        }
    },
    "confusion_matrix": [
        [
            171,
            13,
            5,
            13
        ],
        [
            18,
            168,
            3,
            10
        ],
        [
            26,
            8,
            130,
            12
        ],
        [
            8,
            4,
            8,
            181
        ]
    ]
}