{
    "accuracy": 0.7744565217391305,
    "classification_report": {
        "0": {
            "precision": 0.8427672955974843,
            "recall": 0.783625730994152,
            "f1-score": 0.8121212121212121,
            "support": 171.0
        },
        "1": {
            "precision": 0.7171717171717171,
            "recall": 0.7395833333333334,
            "f1-score": 0.7282051282051282,
            "support": 192.0
        },
        "2": {
            "precision": 0.6972972972972973,
            "recall": 0.7413793103448276,
            "f1-score": 0.7186629526462396,
            "support": 174.0
        },
        "3": {
            "precision": 0.7127659574468085,
            "recall": 0.6836734693877551,
            "f1-score": 0.6979166666666666,
            "support": 196.0
        },
        "4": {
            "precision": 0.8453038674033149,
            "recall": 0.8547486033519553,
            "f1-score": 0.85,
            "support": 179.0
        },
        "5": {
            "precision": 0.844559585492228,
            "recall": 0.8489583333333334,
            "f1-score": 0.8467532467532467,
            "support": 192.0
        },
        "accuracy": 0.7744565217391305,
        "macro avg": {
            "precision": 0.7766442867348083,
            "recall": 0.7753281301242261,
            "f1-score": 0.7756098677320823,
            "support": 1104.0
        },
        "weighted avg": {
            "precision": 0.7756402783633558,
            "recall": 0.7744565217391305,
            "f1-score": 0.7746863729092822,
            "support": 1104.0
        }
    },
    "confusion_matrix": [
        [
            134,
            5,
            2,
            19,
            2,
            9
        ],
        [
            12,
            142,
            14,
            13,
            2,
            9
        ],
        [
            1,
            25,
            129,
            11,
            6,
            2
        ],
        [
            10,
            23,
            16,
            134,
            7,
            6
        ],
        [
            1,
            1,
            17,
            3,
            153,
            4
        ],
        [
            1,
            2,
            7,
            8,
            11,
            163
        ]
    ]
}